OID_,Nom_Fr,ZONE_CODE,COUNT,AREA,MIN,MAX,RANGE,MEAN,STD,SUM,MEDIAN,PCT90,Annee,Latitude,Longitude
0,Manitoba,1,844301.000000000000000,652580.100372000015341,0.000000000000000,63.000000000000000,63.000000000000000,0.966047368310000,4.312236020860000,815634.759110999992117,0.000000000000000,0.000000000000000,2000,6352574.315499999560416,-6920858.310399999842048
1,Saskatchewan,2,842150.000000000000000,650866.902372000040486,0.000000000000000,63.000000000000000,63.000000000000000,1.325656303680000,4.302783540580000,1116401.456149999983609,0.000000000000000,6.696979999540000,2000,6298428.989670000039041,-7578127.895890000276268
2,Alberta,3,858718.000000000000000,663767.607930999947712,0.000000000000000,63.000000000000000,63.000000000000000,2.706360177850000,6.926596554950000,2324000.199210000224411,0.000000000000000,9.114643096920000,2000,6377730.983239999972284,-8092010.764320000074804
3,Colombie-Britannique,4,1223875.000000000000000,945915.918842999963090,0.000000000000000,63.000000000000000,63.000000000000000,0.737241884487000,4.577580475770000,902291.911376000032760,0.000000000000000,0.000000000000000,2000,6329542.899559999816120,-8860386.981629999354482
4,Nunavut,5,2239033.000000000000000,2080185.170910000102594,0.000000000000000,59.133007049600003,59.133007049600003,0.003741639915880,0.304043930860000,8377.655245780000769,0.000000000000000,0.000000000000000,2000,7676886.416550000198185,-4659954.224860000424087
5,Territoires du Nord-Ouest,6,1680355.000000000000000,1348422.950320000061765,0.000000000000000,63.000000000000000,63.000000000000000,0.027752171378100,0.885444477879000,46633.499936100000923,0.000000000000000,0.000000000000000,2000,7376359.833970000036061,-6783249.735630000010133
6,Yukon,7,625756.000000000000000,484478.697677000018302,0.000000000000000,63.000000000000000,63.000000000000000,0.037868019725800,1.075596359500000,23696.140551600001345,0.000000000000000,0.000000000000000,2000,7192572.987800000235438,-8159359.438830000348389
7,Ontario,8,1395699.000000000000000,1077557.106549999909475,0.000000000000000,63.000000000000000,63.000000000000000,1.884261868630000,7.111128122160000,2629862.405780000146478,0.000000000000000,6.301584720610000,2000,5851324.427550000138581,-6507734.680350000038743
8,Québec,9,1948587.000000000000000,1505518.145239999983460,0.000000000000000,63.000000000000000,63.000000000000000,1.372889103570000,6.258232206220000,2675193.859649999998510,0.000000000000000,0.000000000000000,2000,6169920.398219999857247,-5226054.057670000009239
9,Nouveau-Brunswick,10,94248.000000000000000,72702.377886500005843,0.000000000000000,63.000000000000000,63.000000000000000,4.903377962560000,9.099775130739999,462133.566214999998920,0.000000000000000,14.185741424600000,2000,5514447.739479999989271,-5263617.948739999905229
10,Nouvelle-Écosse,11,71500.000000000000000,55107.899682000002940,0.000000000000000,63.000000000000000,63.000000000000000,4.697942773190000,8.311012777000000,335902.908282999997027,0.000000000000000,11.590174007400000,2000,5355700.058249999769032,-5107585.468419999815524
11,Terre-Neuve-et-Labrador,12,522102.000000000000000,403330.752225000003818,0.000000000000000,63.000000000000000,63.000000000000000,0.398527515025000,2.870110942580000,208072.012649999989662,0.000000000000000,0.000000000000000,2000,6147352.416159999556839,-4409805.172489999793470
12,Île du Prince-Édouard,13,7434.000000000000000,5732.883728830000109,0.000000000000000,62.680778503399999,62.680778503399999,9.300009749610000,8.370757481729999,69136.272478600003524,7.680808544160000,15.438978481300000,2000,5491377.369679999537766,-5028669.450140000320971
13,Manitoba,1,844301.000000000000000,652580.100372000015341,0.000000000000000,63.000000000000000,63.000000000000000,0.975157327454000,4.228221436070000,823326.306727000046521,0.000000000000000,0.000000000000000,2001,6352574.315499999560416,-6920858.310399999842048
14,Saskatchewan,2,842150.000000000000000,650866.902372000040486,0.000000000000000,63.000000000000000,63.000000000000000,1.356307354670000,4.116803843490000,1142214.238730000099167,0.000000000000000,5.536790370940000,2001,6298428.989670000039041,-7578127.895890000276268
15,Alberta,3,858718.000000000000000,663767.607930999947712,0.000000000000000,63.000000000000000,63.000000000000000,2.357640530870000,6.668122198400000,2024548.361389999976382,0.000000000000000,7.871989250180000,2001,6377730.983239999972284,-8092010.764320000074804
16,Colombie-Britannique,4,1223875.000000000000000,945915.918842999963090,0.000000000000000,63.000000000000000,63.000000000000000,0.688834867787000,4.438587186760000,843047.773812999948859,0.000000000000000,0.000000000000000,2001,6329542.899559999816120,-8860386.981629999354482
17,Nunavut,5,2239033.000000000000000,2080185.170910000102594,0.000000000000000,36.761066436800000,36.761066436800000,0.000479949352435,0.102573552756000,1074.622438430000102,0.000000000000000,0.000000000000000,2001,7676886.416550000198185,-4659954.224860000424087
18,Territoires du Nord-Ouest,6,1680355.000000000000000,1348422.950320000061765,0.000000000000000,63.000000000000000,63.000000000000000,0.010942930089700,0.589102854896000,18388.007290800000192,0.000000000000000,0.000000000000000,2001,7376359.833970000036061,-6783249.735630000010133
19,Yukon,7,625756.000000000000000,484478.697677000018302,0.000000000000000,63.000000000000000,63.000000000000000,0.039817417016700,1.105418539980000,24915.987602699999115,0.000000000000000,0.000000000000000,2001,7192572.987800000235438,-8159359.438830000348389
20,Ontario,8,1395699.000000000000000,1077557.106549999909475,0.000000000000000,63.000000000000000,63.000000000000000,1.834310474070000,7.124571732740000,2560145.294360000174493,0.000000000000000,5.368455886840000,2001,5851324.427550000138581,-6507734.680350000038743
21,Québec,9,1948587.000000000000000,1505518.145239999983460,0.000000000000000,63.000000000000000,63.000000000000000,1.344019440820000,6.289227382890000,2618938.810130000114441,0.000000000000000,0.000000000000000,2001,6169920.398219999857247,-5226054.057670000009239
22,Nouveau-Brunswick,10,94248.000000000000000,72702.377886500005843,0.000000000000000,63.000000000000000,63.000000000000000,5.029922211220000,9.421733867140000,474060.108562999987043,0.000000000000000,14.396190643300001,2001,5514447.739479999989271,-5263617.948739999905229
23,Nouvelle-Écosse,11,71500.000000000000000,55107.899682000002940,0.000000000000000,63.000000000000000,63.000000000000000,5.477854756420000,9.439411238600000,391666.615083999990020,0.000000000000000,13.867574691800000,2001,5355700.058249999769032,-5107585.468419999815524
24,Terre-Neuve-et-Labrador,12,522102.000000000000000,403330.752225000003818,0.000000000000000,63.000000000000000,63.000000000000000,0.404948777120000,2.972326376620000,211424.566431999992346,0.000000000000000,0.000000000000000,2001,6147352.416159999556839,-4409805.172489999793470
25,Île du Prince-Édouard,13,7434.000000000000000,5732.883728830000109,0.000000000000000,63.000000000000000,63.000000000000000,10.155711348600001,8.916050417699999,75497.558165599999484,7.792380809780000,16.971283912699999,2001,5491377.369679999537766,-5028669.450140000320971
26,Manitoba,1,844301.000000000000000,652580.100372000015341,0.000000000000000,63.000000000000000,63.000000000000000,0.814334088886000,3.970360257230000,687543.085579999955371,0.000000000000000,0.000000000000000,2002,6352574.315499999560416,-6920858.310399999842048
27,Saskatchewan,2,842150.000000000000000,650866.902372000040486,0.000000000000000,63.000000000000000,63.000000000000000,1.116018051820000,3.800902943140000,939854.602343000005931,0.000000000000000,5.503035068510000,2002,6298428.989670000039041,-7578127.895890000276268
28,Alberta,3,858718.000000000000000,663767.607930999947712,0.000000000000000,63.000000000000000,63.000000000000000,2.179308323550000,6.268191557750000,1871411.284979999996722,0.000000000000000,7.321842670440000,2002,6377730.983239999972284,-8092010.764320000074804
29,Colombie-Britannique,4,1223875.000000000000000,945915.918842999963090,0.000000000000000,63.000000000000000,63.000000000000000,0.598038962454000,4.129797202590000,731924.935173999983817,0.000000000000000,0.000000000000000,2002,6329542.899559999816120,-8860386.981629999354482
30,Nunavut,5,2239033.000000000000000,2080185.170910000102594,0.000000000000000,60.913600921600001,60.913600921600001,0.005413857937170,0.372897591215000,12121.806578600000648,0.000000000000000,0.000000000000000,2002,7676886.416550000198185,-4659954.224860000424087
31,Territoires du Nord-Ouest,6,1680355.000000000000000,1348422.950320000061765,0.000000000000000,63.000000000000000,63.000000000000000,0.026587510958300,0.885170135632000,44676.456976399997075,0.000000000000000,0.000000000000000,2002,7376359.833970000036061,-6783249.735630000010133
32,Yukon,7,625756.000000000000000,484478.697677000018302,0.000000000000000,62.280540466300003,62.280540466300003,0.031694044713300,0.988858027627000,19832.738643600001524,0.000000000000000,0.000000000000000,2002,7192572.987800000235438,-8159359.438830000348389
33,Ontario,8,1395699.000000000000000,1077557.106549999909475,0.000000000000000,63.000000000000000,63.000000000000000,1.782571207760000,7.001587857200000,2487932.852099999785423,0.000000000000000,5.416157722470000,2002,5851324.427550000138581,-6507734.680350000038743
34,Québec,9,1948587.000000000000000,1505518.145239999983460,0.000000000000000,63.000000000000000,63.000000000000000,1.303799239790000,6.104751517710000,2540566.249259999953210,0.000000000000000,0.000000000000000,2002,6169920.398219999857247,-5226054.057670000009239
35,Nouveau-Brunswick,10,94248.000000000000000,72702.377886500005843,0.000000000000000,63.000000000000000,63.000000000000000,4.691516449850000,8.909717426560000,442166.042366000008769,0.000000000000000,13.102027893100001,2002,5514447.739479999989271,-5263617.948739999905229
36,Nouvelle-Écosse,11,71500.000000000000000,55107.899682000002940,0.000000000000000,63.000000000000000,63.000000000000000,5.013274550560000,8.731285920980000,358449.130364999989979,0.000000000000000,11.925872802700001,2002,5355700.058249999769032,-5107585.468419999815524
37,Terre-Neuve-et-Labrador,12,522102.000000000000000,403330.752225000003818,0.000000000000000,63.000000000000000,63.000000000000000,0.417148945175000,2.952381519340000,217794.298573999985820,0.000000000000000,0.000000000000000,2002,6147352.416159999556839,-4409805.172489999793470
38,Île du Prince-Édouard,13,7434.000000000000000,5732.883728830000109,0.000000000000000,61.741081237800003,61.741081237800003,9.443709906760001,8.151252698120000,70204.539446800001315,7.180317878720000,15.242324066200000,2002,5491377.369679999537766,-5028669.450140000320971
39,Manitoba,1,844301.000000000000000,652580.100372000015341,0.000000000000000,63.000000000000000,63.000000000000000,0.816638042604000,4.211230745590000,689488.316008999943733,0.000000000000000,0.000000000000000,2003,6352574.315499999560416,-6920858.310399999842048
40,Saskatchewan,2,842150.000000000000000,650866.902372000040486,0.000000000000000,63.000000000000000,63.000000000000000,1.189390983600000,4.240294160100000,1001645.616840000031516,0.000000000000000,6.481198787690000,2003,6298428.989670000039041,-7578127.895890000276268
41,Alberta,3,858718.000000000000000,663767.607930999947712,0.000000000000000,63.000000000000000,63.000000000000000,2.578558416920000,7.291814075120000,2214254.526659999974072,0.000000000000000,9.291617393490000,2003,6377730.983239999972284,-8092010.764320000074804
42,Colombie-Britannique,4,1223875.000000000000000,945915.918842999963090,0.000000000000000,63.000000000000000,63.000000000000000,0.632167620047000,4.346174933510000,773694.145984999951907,0.000000000000000,0.000000000000000,2003,6329542.899559999816120,-8860386.981629999354482
43,Nunavut,5,2239033.000000000000000,2080185.170910000102594,0.000000000000000,13.333025932300000,13.333025932300000,0.000011909628784,0.012601239922300,26.666051864600000,0.000000000000000,0.000000000000000,2003,7676886.416550000198185,-4659954.224860000424087
44,Territoires du Nord-Ouest,6,1680355.000000000000000,1348422.950320000061765,0.000000000000000,24.820045471200000,24.820045471200000,0.000386812793682,0.081293386660700,649.982811928000046,0.000000000000000,0.000000000000000,2003,7376359.833970000036061,-6783249.735630000010133
45,Yukon,7,625756.000000000000000,484478.697677000018302,0.000000000000000,63.000000000000000,63.000000000000000,0.017200218849300,0.886994151183000,10763.140146300000197,0.000000000000000,0.000000000000000,2003,7192572.987800000235438,-8159359.438830000348389
46,Ontario,8,1395699.000000000000000,1077557.106549999909475,0.000000000000000,63.000000000000000,63.000000000000000,1.765688846690000,6.924919519140000,2464370.157639999873936,0.000000000000000,5.624715328220000,2003,5851324.427550000138581,-6507734.680350000038743
47,Québec,9,1948587.000000000000000,1505518.145239999983460,0.000000000000000,63.000000000000000,63.000000000000000,1.205454253610000,5.802470632500000,2348932.487679999787360,0.000000000000000,0.000000000000000,2003,6169920.398219999857247,-5226054.057670000009239
48,Nouveau-Brunswick,10,94248.000000000000000,72702.377886500005843,0.000000000000000,63.000000000000000,63.000000000000000,4.236050525550000,8.175889547860001,399239.289931999985129,0.000000000000000,11.656148910500001,2003,5514447.739479999989271,-5263617.948739999905229
49,Nouvelle-Écosse,11,71500.000000000000000,55107.899682000002940,0.000000000000000,63.000000000000000,63.000000000000000,4.253486229070000,8.126696996420000,304124.265377999981865,0.000000000000000,10.410726547199999,2003,5355700.058249999769032,-5107585.468419999815524
50,Terre-Neuve-et-Labrador,12,522102.000000000000000,403330.752225000003818,0.000000000000000,63.000000000000000,63.000000000000000,0.381837597734000,2.802225982530000,199358.173451999988174,0.000000000000000,0.000000000000000,2003,6147352.416159999556839,-4409805.172489999793470
51,Île du Prince-Édouard,13,7434.000000000000000,5732.883728830000109,0.000000000000000,63.000000000000000,63.000000000000000,8.096834374009999,7.738722386210000,60191.866736399999354,6.486815452580000,12.918099117300001,2003,5491377.369679999537766,-5028669.450140000320971
52,Manitoba,1,844301.000000000000000,652580.100372000015341,0.000000000000000,63.000000000000000,63.000000000000000,0.806764018989000,3.683474232100000,681151.667996000032872,0.000000000000000,0.000000000000000,2004,6352574.315499999560416,-6920858.310399999842048
53,Saskatchewan,2,842150.000000000000000,650866.902372000040486,0.000000000000000,63.000000000000000,63.000000000000000,1.079896869890000,3.570973538910000,909435.148978000041097,0.000000000000000,5.595782756810000,2004,6298428.989670000039041,-7578127.895890000276268
54,Alberta,3,858718.000000000000000,663767.607930999947712,0.000000000000000,63.000000000000000,63.000000000000000,2.374640414210000,6.195753642050000,2039146.467209999915212,0.000000000000000,7.536681175230000,2004,6377730.983239999972284,-8092010.764320000074804
55,Colombie-Britannique,4,1223875.000000000000000,945915.918842999963090,0.000000000000000,63.000000000000000,63.000000000000000,0.594626364751000,3.879455054310000,727748.342160000000149,0.000000000000000,0.000000000000000,2004,6329542.899559999816120,-8860386.981629999354482
56,Nunavut,5,2239033.000000000000000,2080185.170910000102594,0.000000000000000,50.169448852499997,50.169448852499997,0.004650821714360,0.296611987229000,10413.343295599999692,0.000000000000000,0.000000000000000,2004,7676886.416550000198185,-4659954.224860000424087
57,Territoires du Nord-Ouest,6,1680355.000000000000000,1348422.950320000061765,0.000000000000000,63.000000000000000,63.000000000000000,0.021995861146100,0.769674295862000,36960.855256100003317,0.000000000000000,0.000000000000000,2004,7376359.833970000036061,-6783249.735630000010133
58,Yukon,7,625756.000000000000000,484478.697677000018302,0.000000000000000,61.527946472200000,61.527946472200000,0.030363627034200,0.898100019903000,19000.221798400001717,0.000000000000000,0.000000000000000,2004,7192572.987800000235438,-8159359.438830000348389
59,Ontario,8,1395699.000000000000000,1077557.106549999909475,0.000000000000000,63.000000000000000,63.000000000000000,1.709917642370000,6.685371466080000,2386530.343539999797940,0.000000000000000,5.632965087890000,2004,5851324.427550000138581,-6507734.680350000038743
60,Québec,9,1948587.000000000000000,1505518.145239999983460,0.000000000000000,63.000000000000000,63.000000000000000,1.248460519470000,5.845236376160000,2432733.938250000122935,0.000000000000000,0.000000000000000,2004,6169920.398219999857247,-5226054.057670000009239
61,Nouveau-Brunswick,10,94248.000000000000000,72702.377886500005843,0.000000000000000,63.000000000000000,63.000000000000000,4.350825659690000,8.330067335810000,410056.616773999994621,0.000000000000000,12.193736553200001,2004,5514447.739479999989271,-5263617.948739999905229
62,Nouvelle-Écosse,11,71500.000000000000000,55107.899682000002940,0.000000000000000,63.000000000000000,63.000000000000000,4.623196796480000,8.141111629490000,330558.570949000015389,0.000000000000000,10.977817916899999,2004,5355700.058249999769032,-5107585.468419999815524
63,Terre-Neuve-et-Labrador,12,522102.000000000000000,403330.752225000003818,0.000000000000000,63.000000000000000,63.000000000000000,0.372294946667000,2.726854195900000,194375.936244000011357,0.000000000000000,0.000000000000000,2004,6147352.416159999556839,-4409805.172489999793470
64,Île du Prince-Édouard,13,7434.000000000000000,5732.883728830000109,0.000000000000000,60.255619049099998,60.255619049099998,7.996341875750000,7.103023147310000,59444.805504299998574,6.602545261380000,12.187209606200000,2004,5491377.369679999537766,-5028669.450140000320971
65,Manitoba,1,844301.000000000000000,652580.100372000015341,0.000000000000000,63.000000000000000,63.000000000000000,0.746893840097000,3.562708375640000,630603.216086999978870,0.000000000000000,0.000000000000000,2005,6352574.315499999560416,-6920858.310399999842048
66,Saskatchewan,2,842150.000000000000000,650866.902372000040486,0.000000000000000,63.000000000000000,63.000000000000000,1.013458055500000,3.429193062650000,853483.701435000053607,0.000000000000000,4.674464225770000,2005,6298428.989670000039041,-7578127.895890000276268
67,Alberta,3,858718.000000000000000,663767.607930999947712,0.000000000000000,63.000000000000000,63.000000000000000,2.038343195360000,5.761317038800000,1750361.992030000081286,0.000000000000000,6.408180236820000,2005,6377730.983239999972284,-8092010.764320000074804
68,Colombie-Britannique,4,1223875.000000000000000,945915.918842999963090,0.000000000000000,63.000000000000000,63.000000000000000,0.610353888851000,3.997858389290000,746996.865716999978758,0.000000000000000,0.000000000000000,2005,6329542.899559999816120,-8860386.981629999354482
69,Nunavut,5,2239033.000000000000000,2080185.170910000102594,0.000000000000000,56.407028198200003,56.407028198200003,0.004618394425500,0.305382692203000,10340.737525700000333,0.000000000000000,0.000000000000000,2005,7676886.416550000198185,-4659954.224860000424087
70,Territoires du Nord-Ouest,6,1680355.000000000000000,1348422.950320000061765,0.000000000000000,62.745376586900001,62.745376586900001,0.022713442164100,0.738318174580000,38166.646107699998538,0.000000000000000,0.000000000000000,2005,7376359.833970000036061,-6783249.735630000010133
71,Yukon,7,625756.000000000000000,484478.697677000018302,0.000000000000000,63.000000000000000,63.000000000000000,0.033809183263200,0.931549177049000,21156.299282100000710,0.000000000000000,0.000000000000000,2005,7192572.987800000235438,-8159359.438830000348389
72,Ontario,8,1395699.000000000000000,1077557.106549999909475,0.000000000000000,63.000000000000000,63.000000000000000,1.611122387190000,6.510597012170000,2248641.904680000152439,0.000000000000000,5.026421070100000,2005,5851324.427550000138581,-6507734.680350000038743
73,Québec,9,1948587.000000000000000,1505518.145239999983460,0.000000000000000,63.000000000000000,63.000000000000000,1.092229286890000,5.348346676530000,2128303.789439999964088,0.000000000000000,0.000000000000000,2005,6169920.398219999857247,-5226054.057670000009239
74,Nouveau-Brunswick,10,94248.000000000000000,72702.377886500005843,0.000000000000000,63.000000000000000,63.000000000000000,3.961790049060000,7.764916529630000,373390.788544000010006,0.000000000000000,10.688817882500000,2005,5514447.739479999989271,-5263617.948739999905229
75,Nouvelle-Écosse,11,71500.000000000000000,55107.899682000002940,0.000000000000000,63.000000000000000,63.000000000000000,4.622835553290000,8.035570403820000,330532.742060000018682,0.000000000000000,10.566008567800001,2005,5355700.058249999769032,-5107585.468419999815524
76,Terre-Neuve-et-Labrador,12,522102.000000000000000,403330.752225000003818,0.000000000000000,63.000000000000000,63.000000000000000,0.375449891222000,2.653477175020000,196023.139106999995420,0.000000000000000,0.000000000000000,2005,6147352.416159999556839,-4409805.172489999793470
77,Île du Prince-Édouard,13,7434.000000000000000,5732.883728830000109,0.000000000000000,60.876178741499999,60.876178741499999,7.967199151860000,7.276602574390000,59228.158494900002552,6.316497325900000,12.090822124500001,2005,5491377.369679999537766,-5028669.450140000320971
78,Manitoba,1,844301.000000000000000,652580.100372000015341,0.000000000000000,63.000000000000000,63.000000000000000,0.619278131242000,3.524782847920000,522857.145485999993980,0.000000000000000,0.000000000000000,2006,6352574.315499999560416,-6920858.310399999842048
79,Saskatchewan,2,842150.000000000000000,650866.902372000040486,0.000000000000000,63.000000000000000,63.000000000000000,0.806173132894000,3.319018076920000,678918.703866000054404,0.000000000000000,0.000000000000000,2006,6298428.989670000039041,-7578127.895890000276268
80,Alberta,3,858718.000000000000000,663767.607930999947712,0.000000000000000,63.000000000000000,63.000000000000000,1.995967591560000,6.049784245070000,1713973.298290000064299,0.000000000000000,6.839555263520000,2006,6377730.983239999972284,-8092010.764320000074804
81,Colombie-Britannique,4,1223875.000000000000000,945915.918842999963090,0.000000000000000,63.000000000000000,63.000000000000000,0.545597101213000,3.807351808220000,667742.652246000012383,0.000000000000000,0.000000000000000,2006,6329542.899559999816120,-8860386.981629999354482
82,Nunavut,5,2239033.000000000000000,2080185.170910000102594,0.000000000000000,54.291030883799998,54.291030883799998,0.004439999114060,0.293462848996000,9941.304536339999686,0.000000000000000,0.000000000000000,2006,7676886.416550000198185,-4659954.224860000424087
83,Territoires du Nord-Ouest,6,1680355.000000000000000,1348422.950320000061765,0.000000000000000,63.000000000000000,63.000000000000000,0.019767042626700,0.706141751213000,33215.648912899996503,0.000000000000000,0.000000000000000,2006,7376359.833970000036061,-6783249.735630000010133
84,Yukon,7,625756.000000000000000,484478.697677000018302,0.000000000000000,63.000000000000000,63.000000000000000,0.024457503945100,0.815931275357000,15304.429838699999891,0.000000000000000,0.000000000000000,2006,7192572.987800000235438,-8159359.438830000348389
85,Ontario,8,1395699.000000000000000,1077557.106549999909475,0.000000000000000,63.000000000000000,63.000000000000000,1.290826383530000,5.995651635030000,1801605.092669999925420,0.000000000000000,0.000000000000000,2006,5851324.427550000138581,-6507734.680350000038743
86,Québec,9,1948587.000000000000000,1505518.145239999983460,0.000000000000000,63.000000000000000,63.000000000000000,0.899111173154000,4.858754856970000,1751996.343559999950230,0.000000000000000,0.000000000000000,2006,6169920.398219999857247,-5226054.057670000009239
87,Nouveau-Brunswick,10,94248.000000000000000,72702.377886500005843,0.000000000000000,63.000000000000000,63.000000000000000,2.844598310140000,6.903637107150000,268097.701533999992535,0.000000000000000,8.827359199520000,2006,5514447.739479999989271,-5263617.948739999905229
88,Nouvelle-Écosse,11,71500.000000000000000,55107.899682000002940,0.000000000000000,63.000000000000000,63.000000000000000,2.839554079160000,7.104917336350000,203028.116659999999683,0.000000000000000,8.007903766629999,2006,5355700.058249999769032,-5107585.468419999815524
89,Terre-Neuve-et-Labrador,12,522102.000000000000000,403330.752225000003818,0.000000000000000,63.000000000000000,63.000000000000000,0.250950887140000,2.280474060720000,131021.960078000003705,0.000000000000000,0.000000000000000,2006,6147352.416159999556839,-4409805.172489999793470
90,Île du Prince-Édouard,13,7434.000000000000000,5732.883728830000109,0.000000000000000,60.866687774699997,60.866687774699997,5.053687641950000,6.883517657190000,37569.113930200001050,5.104797840120000,9.065740871430000,2006,5491377.369679999537766,-5028669.450140000320971
91,Manitoba,1,844301.000000000000000,652580.100372000015341,0.000000000000000,63.000000000000000,63.000000000000000,0.776010957948000,3.613970569070000,655186.827806000015698,0.000000000000000,0.000000000000000,2007,6352574.315499999560416,-6920858.310399999842048
92,Saskatchewan,2,842150.000000000000000,650866.902372000040486,0.000000000000000,63.000000000000000,63.000000000000000,1.214177116250000,3.694205905650000,1022519.258449999964796,0.000000000000000,5.627776622770000,2007,6298428.989670000039041,-7578127.895890000276268
93,Alberta,3,858718.000000000000000,663767.607930999947712,0.000000000000000,63.000000000000000,63.000000000000000,2.480497254900000,6.427224395720000,2130047.641729999799281,0.000000000000000,7.489113807680000,2007,6377730.983239999972284,-8092010.764320000074804
94,Colombie-Britannique,4,1223875.000000000000000,945915.918842999963090,0.000000000000000,63.000000000000000,63.000000000000000,0.654690874325000,4.088846022770000,801259.793813999975100,0.000000000000000,0.000000000000000,2007,6329542.899559999816120,-8860386.981629999354482
95,Nunavut,5,2239033.000000000000000,2080185.170910000102594,0.000000000000000,56.336120605500000,56.336120605500000,0.004996087825140,0.320622625043000,11186.405511400000250,0.000000000000000,0.000000000000000,2007,7676886.416550000198185,-4659954.224860000424087
96,Territoires du Nord-Ouest,6,1680355.000000000000000,1348422.950320000061765,0.000000000000000,63.000000000000000,63.000000000000000,0.023246517234300,0.750204656845000,39062.401467299998330,0.000000000000000,0.000000000000000,2007,7376359.833970000036061,-6783249.735630000010133
97,Yukon,7,625756.000000000000000,484478.697677000018302,0.000000000000000,63.000000000000000,63.000000000000000,0.031214168908900,0.903147407224000,19532.453479799998604,0.000000000000000,0.000000000000000,2007,7192572.987800000235438,-8159359.438830000348389
98,Ontario,8,1395699.000000000000000,1077557.106549999909475,0.000000000000000,63.000000000000000,63.000000000000000,1.573545277310000,6.450391096300000,2196195.569999999832362,0.000000000000000,5.014537811280000,2007,5851324.427550000138581,-6507734.680350000038743
99,Québec,9,1948587.000000000000000,1505518.145239999983460,0.000000000000000,63.000000000000000,63.000000000000000,1.128590558100000,5.442574702270000,2199156.889829999767244,0.000000000000000,0.000000000000000,2007,6169920.398219999857247,-5226054.057670000009239
100,Nouveau-Brunswick,10,94248.000000000000000,72702.377886500005843,0.000000000000000,63.000000000000000,63.000000000000000,3.975926840930000,7.923065065730000,374723.152904000016861,0.000000000000000,10.869605064400000,2007,5514447.739479999989271,-5263617.948739999905229
101,Nouvelle-Écosse,11,71500.000000000000000,55107.899682000002940,0.000000000000000,63.000000000000000,63.000000000000000,4.134111956570000,7.819912121600000,295589.004894000012428,0.000000000000000,9.565108299260000,2007,5355700.058249999769032,-5107585.468419999815524
102,Terre-Neuve-et-Labrador,12,522102.000000000000000,403330.752225000003818,0.000000000000000,63.000000000000000,63.000000000000000,0.332955678848000,2.475425101060000,173836.825837999989744,0.000000000000000,0.000000000000000,2007,6147352.416159999556839,-4409805.172489999793470
103,Île du Prince-Édouard,13,7434.000000000000000,5732.883728830000109,0.000000000000000,61.096752166700000,61.096752166700000,7.512039584630000,7.405871526730000,55844.502272099998663,6.083368778230000,11.827460861200001,2007,5491377.369679999537766,-5028669.450140000320971
104,Manitoba,1,844301.000000000000000,652580.100372000015341,0.000000000000000,63.000000000000000,63.000000000000000,0.811255556809000,3.703286677630000,684943.877868999959901,0.000000000000000,0.000000000000000,2008,6352574.315499999560416,-6920858.310399999842048
105,Saskatchewan,2,842150.000000000000000,650866.902372000040486,0.000000000000000,63.000000000000000,63.000000000000000,1.259199726350000,3.721090328220000,1060435.049540000036359,0.000000000000000,5.545013904570000,2008,6298428.989670000039041,-7578127.895890000276268
106,Alberta,3,858718.000000000000000,663767.607930999947712,0.000000000000000,63.000000000000000,63.000000000000000,2.623049195110000,6.724300851770000,2252459.558730000164360,0.000000000000000,8.041128158570000,2008,6377730.983239999972284,-8092010.764320000074804
107,Colombie-Britannique,4,1223875.000000000000000,945915.918842999963090,0.000000000000000,63.000000000000000,63.000000000000000,0.739843195693000,4.366512033930000,905475.591128999949433,0.000000000000000,0.000000000000000,2008,6329542.899559999816120,-8860386.981629999354482
108,Nunavut,5,2239033.000000000000000,2080185.170910000102594,0.000000000000000,54.198730468800001,54.198730468800001,0.005286855281880,0.308021663086000,11837.443442300000243,0.000000000000000,0.000000000000000,2008,7676886.416550000198185,-4659954.224860000424087
109,Territoires du Nord-Ouest,6,1680355.000000000000000,1348422.950320000061765,0.000000000000000,63.000000000000000,63.000000000000000,0.023988973342000,0.763831534534000,40309.991300100002263,0.000000000000000,0.000000000000000,2008,7376359.833970000036061,-6783249.735630000010133
110,Yukon,7,625756.000000000000000,484478.697677000018302,0.000000000000000,62.512832641599999,62.512832641599999,0.038307715057700,0.966559231154000,23971.282543699999223,0.000000000000000,0.000000000000000,2008,7192572.987800000235438,-8159359.438830000348389
111,Ontario,8,1395699.000000000000000,1077557.106549999909475,0.000000000000000,63.000000000000000,63.000000000000000,1.617255630850000,6.535278603260000,2257202.066720000002533,0.000000000000000,5.167226314540000,2008,5851324.427550000138581,-6507734.680350000038743
112,Québec,9,1948587.000000000000000,1505518.145239999983460,0.000000000000000,63.000000000000000,63.000000000000000,1.114706594150000,5.352589590930000,2172102.778179999906570,0.000000000000000,0.000000000000000,2008,6169920.398219999857247,-5226054.057670000009239
113,Nouveau-Brunswick,10,94248.000000000000000,72702.377886500005843,0.000000000000000,62.240898132300003,62.240898132300003,4.149449941120000,7.890462258230000,391077.358049999980722,0.000000000000000,11.386343002300000,2008,5514447.739479999989271,-5263617.948739999905229
114,Nouvelle-Écosse,11,71500.000000000000000,55107.899682000002940,0.000000000000000,63.000000000000000,63.000000000000000,4.188970255110000,7.758830474640000,299511.373240999993868,0.000000000000000,9.825611114499999,2008,5355700.058249999769032,-5107585.468419999815524
115,Terre-Neuve-et-Labrador,12,522102.000000000000000,403330.752225000003818,0.000000000000000,63.000000000000000,63.000000000000000,0.381205617403000,2.638588329840000,199028.215257000003476,0.000000000000000,0.000000000000000,2008,6147352.416159999556839,-4409805.172489999793470
116,Île du Prince-Édouard,13,7434.000000000000000,5732.883728830000109,0.000000000000000,58.937904357900003,58.937904357900003,8.025124521320000,7.431332480550000,59658.775691499999084,6.401556491850000,12.515301895100000,2008,5491377.369679999537766,-5028669.450140000320971
117,Manitoba,1,844289.000000000000000,652580.100372000015341,0.000000000000000,63.000000000000000,63.000000000000000,0.734424866007000,3.639830083150000,620066.835696000023745,0.000000000000000,0.000000000000000,2009,6352574.315499999560416,-6920858.310399999842048
118,Saskatchewan,2,842217.000000000000000,650866.902372000040486,0.000000000000000,63.000000000000000,63.000000000000000,0.979739519443000,3.625369588830000,825153.278846999979578,0.000000000000000,5.004738330840000,2009,6298428.989670000039041,-7578127.895890000276268
119,Alberta,3,858588.000000000000000,663767.607930999947712,0.000000000000000,63.000000000000000,63.000000000000000,2.367420908990000,6.602423980990000,2032639.183410000056028,0.000000000000000,7.445925235750000,2009,6377730.983239999972284,-8092010.764320000074804
120,Colombie-Britannique,4,1223689.000000000000000,945915.918842999963090,0.000000000000000,63.000000000000000,63.000000000000000,0.572657277999000,4.026704670630000,700754.411856999970041,0.000000000000000,0.000000000000000,2009,6329542.899559999816120,-8860386.981629999354482
121,Nunavut,5,2238975.000000000000000,2080185.170910000102594,0.000000000000000,46.484760284399997,46.484760284399997,0.003987649226230,0.270284858769000,8928.246926309999253,0.000000000000000,0.000000000000000,2009,7676886.416550000198185,-4659954.224860000424087
122,Territoires du Nord-Ouest,6,1680733.000000000000000,1348422.950320000061765,0.000000000000000,63.000000000000000,63.000000000000000,0.019452735443500,0.713518587654000,32694.854400200001692,0.000000000000000,0.000000000000000,2009,7376359.833970000036061,-6783249.735630000010133
123,Yukon,7,626109.000000000000000,484478.697677000018302,0.000000000000000,62.354312896700002,62.354312896700002,0.033044341936000,0.938910898862000,20689.359885199999553,0.000000000000000,0.000000000000000,2009,7192572.987800000235438,-8159359.438830000348389
124,Ontario,8,1395719.000000000000000,1077557.106549999909475,0.000000000000000,63.000000000000000,63.000000000000000,1.675361953190000,6.737961507910000,2338334.509939999785274,0.000000000000000,5.279057502750000,2009,5851324.427550000138581,-6507734.680350000038743
125,Québec,9,1948497.000000000000000,1505518.145239999983460,0.000000000000000,63.000000000000000,63.000000000000000,1.118202012350000,5.458027749670000,2178813.266470000147820,0.000000000000000,0.000000000000000,2009,6169920.398219999857247,-5226054.057670000009239
126,Nouveau-Brunswick,10,94219.000000000000000,72702.377886500005843,0.000000000000000,62.289207458500002,62.289207458500002,4.181398873940000,8.461973451570000,393967.220504000026267,0.000000000000000,12.147657394399999,2009,5514447.739479999989271,-5263617.948739999905229
127,Nouvelle-Écosse,11,71445.000000000000000,55107.899682000002940,0.000000000000000,63.000000000000000,63.000000000000000,3.960064848620000,8.180760969630001,282926.833110000006855,0.000000000000000,10.317436218299999,2009,5355700.058249999769032,-5107585.468419999815524
128,Terre-Neuve-et-Labrador,12,522258.000000000000000,403330.752225000003818,0.000000000000000,63.000000000000000,63.000000000000000,0.369645521924000,2.681732019630000,193050.330989000009140,0.000000000000000,0.000000000000000,2009,6147352.416159999556839,-4409805.172489999793470
129,Île du Prince-Édouard,13,7418.000000000000000,5732.883728830000109,0.000000000000000,63.000000000000000,63.000000000000000,7.079132396020000,7.728256932570000,52513.004113700000744,6.328223228450000,11.829468727100000,2009,5491377.369679999537766,-5028669.450140000320971
130,Manitoba,1,844289.000000000000000,652580.100372000015341,0.000000000000000,60.155174255399999,60.155174255399999,0.867324065260000,3.693385704880000,732272.167734000016935,0.000000000000000,0.000000000000000,2010,6352574.315499999560416,-6920858.310399999842048
131,Saskatchewan,2,842217.000000000000000,650866.902372000040486,0.000000000000000,60.155174255399999,60.155174255399999,1.385830797500000,3.830587149040000,1167170.256770000094548,0.000000000000000,5.905053138730000,2010,6298428.989670000039041,-7578127.895890000276268
132,Alberta,3,858588.000000000000000,663767.607930999947712,0.000000000000000,60.155174255399999,60.155174255399999,2.689027717480000,6.398327112410000,2308766.929889999795705,0.000000000000000,7.669408798220000,2010,6377730.983239999972284,-8092010.764320000074804
133,Colombie-Britannique,4,1223689.000000000000000,945915.918842999963090,0.000000000000000,60.155174255399999,60.155174255399999,0.569933762868000,3.783165135620000,697421.676349999965169,0.000000000000000,0.000000000000000,2010,6329542.899559999816120,-8860386.981629999354482
134,Nunavut,5,2238975.000000000000000,2080185.170910000102594,0.000000000000000,54.788139343300003,54.788139343300003,0.005654326387910,0.318903046106000,12659.895424399999683,0.000000000000000,0.000000000000000,2010,7676886.416550000198185,-4659954.224860000424087
135,Territoires du Nord-Ouest,6,1680733.000000000000000,1348422.950320000061765,0.000000000000000,60.155174255399999,60.155174255399999,0.022791246715800,0.731372563574000,38306.000466299999971,0.000000000000000,0.000000000000000,2010,7376359.833970000036061,-6783249.735630000010133
136,Yukon,7,626109.000000000000000,484478.697677000018302,0.000000000000000,60.155174255399999,60.155174255399999,0.037089004028800,0.921332081159000,23221.759223500001099,0.000000000000000,0.000000000000000,2010,7192572.987800000235438,-8159359.438830000348389
137,Ontario,8,1395719.000000000000000,1077557.106549999909475,0.000000000000000,60.155174255399999,60.155174255399999,1.610414621870000,6.406991571290000,2247686.285629999823868,0.000000000000000,5.542954921720000,2010,5851324.427550000138581,-6507734.680350000038743
138,Québec,9,1948497.000000000000000,1505518.145239999983460,0.000000000000000,60.155174255399999,60.155174255399999,1.100447621180000,5.295692595390000,2144218.888520000036806,0.000000000000000,0.000000000000000,2010,6169920.398219999857247,-5226054.057670000009239
139,Nouveau-Brunswick,10,94219.000000000000000,72702.377886500005843,0.000000000000000,60.155174255399999,60.155174255399999,4.066737818350000,7.914992245130000,383163.970506999990903,0.000000000000000,10.784646034200000,2010,5514447.739479999989271,-5263617.948739999905229
140,Nouvelle-Écosse,11,71445.000000000000000,55107.899682000002940,0.000000000000000,60.155174255399999,60.155174255399999,4.244607675320000,7.503295112470000,303255.995363000023644,0.000000000000000,9.335059356690000,2010,5355700.058249999769032,-5107585.468419999815524
141,Terre-Neuve-et-Labrador,12,522258.000000000000000,403330.752225000003818,0.000000000000000,58.979141235400000,58.979141235400000,0.317234200342000,2.317868438270000,165678.099002000002656,0.000000000000000,0.000000000000000,2010,6147352.416159999556839,-4409805.172489999793470
142,Île du Prince-Édouard,13,7418.000000000000000,5732.883728830000109,0.000000000000000,59.734176635700003,59.734176635700003,7.686793760260000,7.203983595900000,57020.636113599997771,6.438035011290000,11.467678642299999,2010,5491377.369679999537766,-5028669.450140000320971
143,Manitoba,1,844289.000000000000000,652580.100372000015341,0.000000000000000,63.000000000000000,63.000000000000000,0.821764963865000,3.741163203480000,693807.119576000026427,0.000000000000000,0.000000000000000,2011,6352574.315499999560416,-6920858.310399999842048
144,Saskatchewan,2,842217.000000000000000,650866.902372000040486,0.000000000000000,63.000000000000000,63.000000000000000,1.208016803080000,3.741015774050000,1017412.287840000004508,0.000000000000000,5.857384681700000,2011,6298428.989670000039041,-7578127.895890000276268
145,Alberta,3,858588.000000000000000,663767.607930999947712,0.000000000000000,63.000000000000000,63.000000000000000,2.818468379360000,6.755851068290000,2419903.128899999894202,0.000000000000000,8.205698013310000,2011,6377730.983239999972284,-8092010.764320000074804
146,Colombie-Britannique,4,1223689.000000000000000,945915.918842999963090,0.000000000000000,63.000000000000000,63.000000000000000,0.635374895903000,3.944408373070000,777501.270993000012822,0.000000000000000,0.000000000000000,2011,6329542.899559999816120,-8860386.981629999354482
147,Nunavut,5,2238975.000000000000000,2080185.170910000102594,0.000000000000000,54.922172546399999,54.922172546399999,0.005700030368750,0.318020530362000,12762.225494899999831,0.000000000000000,0.000000000000000,2011,7676886.416550000198185,-4659954.224860000424087
148,Territoires du Nord-Ouest,6,1680733.000000000000000,1348422.950320000061765,0.000000000000000,59.182113647500003,59.182113647500003,0.021532112946900,0.712704430456000,36189.732789499998034,0.000000000000000,0.000000000000000,2011,7376359.833970000036061,-6783249.735630000010133
149,Yukon,7,626109.000000000000000,484478.697677000018302,0.000000000000000,63.000000000000000,63.000000000000000,0.035929700664200,0.951695005604000,22495.908953199999814,0.000000000000000,0.000000000000000,2011,7192572.987800000235438,-8159359.438830000348389
150,Ontario,8,1395719.000000000000000,1077557.106549999909475,0.000000000000000,63.000000000000000,63.000000000000000,1.537394762410000,6.157223433930000,2145771.080389999784529,0.000000000000000,5.576321601870000,2011,5851324.427550000138581,-6507734.680350000038743
151,Québec,9,1948497.000000000000000,1505518.145239999983460,0.000000000000000,63.000000000000000,63.000000000000000,1.050841155690000,5.109076473960000,2047560.839330000104383,0.000000000000000,0.000000000000000,2011,6169920.398219999857247,-5226054.057670000009239
152,Nouveau-Brunswick,10,94219.000000000000000,72702.377886500005843,0.000000000000000,63.000000000000000,63.000000000000000,4.300748413870000,8.138686132789999,405212.214806000003591,0.000000000000000,11.474264144899999,2011,5514447.739479999989271,-5263617.948739999905229
153,Nouvelle-Écosse,11,71445.000000000000000,55107.899682000002940,0.000000000000000,63.000000000000000,63.000000000000000,4.542814215430000,8.063169363940000,324561.361620999989100,0.000000000000000,10.199674606300000,2011,5355700.058249999769032,-5107585.468419999815524
154,Terre-Neuve-et-Labrador,12,522258.000000000000000,403330.752225000003818,0.000000000000000,63.000000000000000,63.000000000000000,0.388152182873000,2.650343552810000,202715.582722999999532,0.000000000000000,0.000000000000000,2011,6147352.416159999556839,-4409805.172489999793470
155,Île du Prince-Édouard,13,7418.000000000000000,5732.883728830000109,0.000000000000000,63.000000000000000,63.000000000000000,8.135065790650000,7.170977668050000,60345.918035000002419,6.780371665950000,12.330033683800000,2011,5491377.369679999537766,-5028669.450140000320971
156,Manitoba,1,844301.000000000000000,652580.100372000015341,0.000000000000000,61.539466857900003,61.539466857900003,0.680386187058000,3.666716241050000,574450.738119999994524,0.000000000000000,0.000000000000000,2012,6352574.315499999560416,-6920858.310399999842048
157,Saskatchewan,2,842150.000000000000000,650866.902372000040486,0.000000000000000,61.539466857900003,61.539466857900003,1.088462302880000,3.781348517530000,916648.528367000049911,0.000000000000000,5.654693603520000,2012,6298428.989670000039041,-7578127.895890000276268
158,Alberta,3,858718.000000000000000,663767.607930999947712,0.000000000000000,61.539466857900003,61.539466857900003,2.453761377980000,6.857090500760000,2107089.062979999929667,0.000000000000000,7.735447406770000,2012,6377730.983239999972284,-8092010.764320000074804
159,Colombie-Britannique,4,1223875.000000000000000,945915.918842999963090,0.000000000000000,61.539466857900003,61.539466857900003,0.551494915763000,3.830599960350000,674960.840029999963008,0.000000000000000,0.000000000000000,2012,6329542.899559999816120,-8860386.981629999354482
160,Nunavut,5,2239033.000000000000000,2080185.170910000102594,0.000000000000000,61.539466857900003,61.539466857900003,0.004679939831830,0.344066088960000,10478.539721499999359,0.000000000000000,0.000000000000000,2012,7676886.416550000198185,-4659954.224860000424087
161,Territoires du Nord-Ouest,6,1680355.000000000000000,1348422.950320000061765,0.000000000000000,58.833728790300000,58.833728790300000,0.019087253146200,0.718526067105000,32073.361260400000901,0.000000000000000,0.000000000000000,2012,7376359.833970000036061,-6783249.735630000010133
162,Yukon,7,625756.000000000000000,484478.697677000018302,0.000000000000000,58.762222289999997,58.762222289999997,0.035120714786700,0.957409991990000,21976.998002100001031,0.000000000000000,0.000000000000000,2012,7192572.987800000235438,-8159359.438830000348389
163,Ontario,8,1395699.000000000000000,1077557.106549999909475,0.000000000000000,61.539466857900003,61.539466857900003,1.256025543300000,5.711710487830000,1753033.594760000007227,0.000000000000000,0.000000000000000,2012,5851324.427550000138581,-6507734.680350000038743
164,Québec,9,1948587.000000000000000,1505518.145239999983460,0.000000000000000,61.539466857900003,61.539466857900003,0.949152374984000,4.887748469380000,1849505.978910000063479,0.000000000000000,0.000000000000000,2012,6169920.398219999857247,-5226054.057670000009239
165,Nouveau-Brunswick,10,94248.000000000000000,72702.377886500005843,0.000000000000000,61.539466857900003,61.539466857900003,3.327837513560000,7.233402943640000,313642.029977999976836,0.000000000000000,9.241389274599999,2012,5514447.739479999989271,-5263617.948739999905229
166,Nouvelle-Écosse,11,71500.000000000000000,55107.899682000002940,0.000000000000000,61.539466857900003,61.539466857900003,3.192373145620000,6.933627357960000,228254.679911999992328,0.000000000000000,8.056715965270000,2012,5355700.058249999769032,-5107585.468419999815524
167,Terre-Neuve-et-Labrador,12,522102.000000000000000,403330.752225000003818,0.000000000000000,61.014221191399997,61.014221191399997,0.306107577951000,2.432518724370000,159819.378663999988930,0.000000000000000,0.000000000000000,2012,6147352.416159999556839,-4409805.172489999793470
168,Île du Prince-Édouard,13,7434.000000000000000,5732.883728830000109,0.000000000000000,60.822566986100000,60.822566986100000,6.830485077160000,7.027231000880000,50777.826063599997724,5.983854770660000,10.510681343100000,2012,5491377.369679999537766,-5028669.450140000320971
169,Manitoba,1,844301.000000000000000,652580.100372000015341,0.000000000000000,59.403427123999997,59.403427123999997,0.831694441044000,3.831837477990000,702200.448268000036478,0.000000000000000,0.000000000000000,2013,6352574.315499999560416,-6920858.310399999842048
170,Saskatchewan,2,842150.000000000000000,650866.902372000040486,0.000000000000000,59.403427123999997,59.403427123999997,1.368233046820000,4.188796912640000,1152257.460380000062287,0.000000000000000,6.177111625670000,2013,6298428.989670000039041,-7578127.895890000276268
171,Alberta,3,858718.000000000000000,663767.607930999947712,0.000000000000000,59.403427123999997,59.403427123999997,2.957350304640000,7.217600508270000,2539529.938899999950081,0.000000000000000,8.820278167720000,2013,6377730.983239999972284,-8092010.764320000074804
172,Colombie-Britannique,4,1223875.000000000000000,945915.918842999963090,0.000000000000000,59.403427123999997,59.403427123999997,0.629070086128000,3.834336507790000,769903.151659999974072,0.000000000000000,0.000000000000000,2013,6329542.899559999816120,-8860386.981629999354482
173,Nunavut,5,2239033.000000000000000,2080185.170910000102594,0.000000000000000,57.422424316399997,57.422424316399997,0.006954489030390,0.380690529871000,15571.330437200000233,0.000000000000000,0.000000000000000,2013,7676886.416550000198185,-4659954.224860000424087
174,Territoires du Nord-Ouest,6,1680355.000000000000000,1348422.950320000061765,0.000000000000000,59.403427123999997,59.403427123999997,0.022109841701200,0.724888317785000,37152.383051899996644,0.000000000000000,0.000000000000000,2013,7376359.833970000036061,-6783249.735630000010133
175,Yukon,7,625756.000000000000000,484478.697677000018302,0.000000000000000,59.403427123999997,59.403427123999997,0.040649327719800,0.967559233771000,25436.560716600000887,0.000000000000000,0.000000000000000,2013,7192572.987800000235438,-8159359.438830000348389
176,Ontario,8,1395699.000000000000000,1077557.106549999909475,0.000000000000000,59.403427123999997,59.403427123999997,1.523451938630000,6.194206705640000,2126280.347289999946952,0.000000000000000,5.712588310240000,2013,5851324.427550000138581,-6507734.680350000038743
177,Québec,9,1948587.000000000000000,1505518.145239999983460,0.000000000000000,59.403427123999997,59.403427123999997,1.069015105650000,5.111873644270000,2083068.937669999897480,0.000000000000000,0.000000000000000,2013,6169920.398219999857247,-5226054.057670000009239
178,Nouveau-Brunswick,10,94248.000000000000000,72702.377886500005843,0.000000000000000,59.403427123999997,59.403427123999997,3.743957862280000,7.494524577120000,352860.540603999979794,0.000000000000000,10.335070610000001,2013,5514447.739479999989271,-5263617.948739999905229
179,Nouvelle-Écosse,11,71500.000000000000000,55107.899682000002940,0.000000000000000,59.403427123999997,59.403427123999997,3.684258881920000,7.499465925340000,263424.510056999977678,0.000000000000000,9.386095142360000,2013,5355700.058249999769032,-5107585.468419999815524
180,Terre-Neuve-et-Labrador,12,522102.000000000000000,403330.752225000003818,0.000000000000000,59.403427123999997,59.403427123999997,0.383530596854000,2.687582650540000,200242.091679000004660,0.000000000000000,0.000000000000000,2013,6147352.416159999556839,-4409805.172489999793470
181,Île du Prince-Édouard,13,7434.000000000000000,5732.883728830000109,0.000000000000000,59.266036987299998,59.266036987299998,7.473892539430000,7.448497688140000,55560.917138099997828,6.600167274480000,11.846533966100001,2013,5491377.369679999537766,-5028669.450140000320971
